CREATE DATABASE LIBRARY;

USE LIBRARY;

 
CREATE TABLE BRANCH (
BRANCH_NO INT PRIMARY KEY,
MANAGER_ID INT,
BRANCH_ADDRESS VARCHAR(50),
CONTACT_NO INT
);


CREATE TABLE EMPLOYEE(
EMP_ID INT PRIMARY KEY,
EMP_NAME VARCHAR(30),
POSITION VARCHAR(20),
SALARY INT,
BRANCH_NO INT, FOREIGN KEY(BRANCH_NO) REFERENCES BRANCH(BRANCH_NO)
);


CREATE TABLE CUSTOMER(
CUSTOMER_ID INT PRIMARY KEY,
CUSTOMER_NAME VARCHAR(20),
CUSTOMER_ADDRESS VARCHAR(50),
REG_DATE DATE
);


CREATE TABLE ISSUE_STATUS(
ISSUE_ID INT PRIMARY KEY,
ISSUE_CUST INT , FOREIGN KEY(ISSUE_CUST) REFERENCES CUSTOMER(CUSTOMER_ID),
ISSUED_BOOK_NAME VARCHAR(200),
ISSUE_DATE DATE,
ISBN_BOOK INT ,FOREIGN KEY(ISBN_BOOK) REFERENCES BOOKS(ISBN)
);


CREATE TABLE RETURN_STATUS(
RETURN_ID INT PRIMARY KEY,
RETURN_CUST INT,FOREIGN KEY(RETURN_CUST) REFERENCES CUSTOMER(CUSTOMER_ID),
RETURN_BOOK_NAME VARCHAR(100),
RETURN_DATE DATE,
ISBN_BOOK2 INT,FOREIGN KEY(ISBN_BOOK2) REFERENCES BOOKS(ISBN)
);


CREATE TABLE BOOKS(
ISBN INT PRIMARY KEY,
BOOK_TITLE VARCHAR(100),
CATEGORY VARCHAR(100),
RENTAL_PRICE INT,
STATUS VARCHAR(10),
AUTHOR VARCHAR(30),
PUBLISHER VARCHAR(50)
);


 
INSERT INTO BRANCH VALUES
(101,24,'MITFORD STREET',264467889),
(102,25,'BOLTON WAY',24357897),
(103,26,'RICHARDSON STREET',568990),
(104,27,'CHARLIES ROAD',467783),
(105,28,'WORDSWORTH AVE',134678999);

SELECT * FROM BRANCH;

INSERT INTO EMPLOYEE VALUES
(106,'ALWIN','CLERK',40000,4788),
(107,'ARUN','CLERK',30000,45678),
(108,'JOHN','MANAGER',34000,96545),
(109,'JIYA','CLERK',50000,47890),
(110,'PRIYA','CLERK',46000,35678),
(111,'ISHA','MANAGER',70000,7789);

SELECT * FROM EMPLOYEE;

INSERT INTO CUSTOMER VALUES
(121,'RIYA MATHEW','SCOTTDSALE RD','2023-07-06'),
(122,'JEENA','N 3RD STREET','2023-03-17'),
(123,'MARIYA','BASELINE RD','2021-04-01'),
(124,'ANDREWS','ANN STREET','2023-10-02'),
(125,'WILLIAMS','HIGHWAY 79 EAST','2022-02-25'),
(126,'ALEESHA','CASTLE DOME EVE','2023-06-01'),
(127,'LIYANA','LAKEWOOD STREET','2021-03-07'),
(128,'NICHOLAS','PHEONIX STREET','2023-10-08');

SELECT * FROM CUSTOMER;
 
INSERT INTO ISSUE_STATUS VALUES 
(1,123,'THE INDIA STORY','2023-07-14',201),
(2,121,'A PLACE CALLED HOME','2022-10-06',202),
(3,124,'THE ODDYSEY','2021-04-30',203),
(4,123,'THE ALCHEMIST','2023-02-09',204),
(5,127,'THE LORD OF THINGS','2021-03-17',205),
(6,122,'WINGS OF FIRE','2022-12-2',206),
(7,125,'THE HARRY POTTER SERIES','2022-07-06',207);

SELECT * FROM ISSUE_STATUS;

INSERT INTO RETURN_STATUS VALUES
(4,123,'THE ALCHEMIST','2023-02-09',204),
(5,127,'THE LORD OF THINGS','2021-03-17',205),
(6,122,'WINGS OF FIRE','2022-12-2',206);

SELECT * FROM RETURN_STATUS;

INSERT INTO BOOKS VALUES
(123,'THE INDIA STORY','NOVEL',10,'YES','BIMAL JALAN','RUPA PUBLICATIONS'),
(121,'A PLACE CALLED HOME','STORY',12,'YES','PREETI SHENOY','HARPERCOLLINS INDIA'),
(124,'THE ODDYSEY','POEM',23,'YES','HOMER','PENGUIN CLASSICS'),
(123,'THE ALCHEMIST','NOVEL',34,'YES','PAULO COELHO','HARPER COLLINS'),
(127,'THE LORD OF RINGS','NOVEL',45,'RONALD REUEL TOLKIEN','HARPER COLLINS'),
(122,'WINGS OF FIRE','AUTOBIGRAPHY',40,'YES','APJ ABDULKALAM&ARUNTIWARI','UNIVERSITIES PRESS'),
(125,'THE HARRY POTTER SERIES','NOVEL SERIES',50,'YES','J.K ROWLING','BLOOMSBURRY');

  
SELECT * FROM BOOKS ;

SELECT BOOK_TITLE,CATEGORY,RENTAL_PRICE FROM BOOKS WHERE STATUS ='YES';

SELECT EMP_NAME,SALARY FROM EMPLOYEE ORDER BY SALARY DESC;

SELECT b.BOOK_TITLE,c.CUSTOMER_NAME FROM ISSUE_STATUS i JOIN BOOKS b ON i.ISBN_BOOK=b.ISBN 
JOIN CUSTOMER C ON i.ISSUE_CUST= c.CUSTOMER_ID;

SELECT CATEGORY,COUNT(*) AS TOTAL_COUNT FROM BOOKS GROUP BY CATEGORY;

SELECT EMP_NAME,POSITION FROM EMPLOYEE WHERE SALARY>45000;

SELECT CUSTOMER_NAME,REG_DATE FROM CUSTOMER WHERE REG_DATE <'2023-07-06' AND CUSTOMER_ID NOT IN 
(SELECT ISSUE_CUST FROM ISSUE_STATUS);


SELECT BRANCH_NO,COUNT(*)  AS TOTAL_EMPLOYEES FROM EMPLOYEE GROUP BY BRANCH_NO;
 
 SELECT CUSTOMER.CUSTOMER_NAME,ISSUE_STATUS.ISSUE_DATE FROM ISSUE_STATUS INNER JOIN CUSTOMER ON
 ISSUE_STATUS.ISSUE_CUST = CUSTOMER.CUSTOMER_ID WHERE month(ISSUE_STATUS.ISSUE_DATE) =5
 AND year(ISSUE_STATUS.ISSUE_DATE)=2023;
 
 SELECT BOOK_TITLE FROM BOOKS WHERE CATEGORY ='HISTORY';
 
 SELECT BRANCH_NO,COUNT(*) AS TOTAL_EMPLOYEE FROM EMPLOYEE GROUP BY BRANCH_NO HAVING COUNT(*)>4;
 
 
 
    
    
 
 
 
 